user_id,name,email,phone,address
bb902a71-1c75-4a7c-b54e-f5060d91d44d,Sherry Castillo,david26@example.org,(953)967-5841x1245,"39894 Gonzalez Meadows, Lake Deborah, UT 66857"
1ed06079-4f2e-4603-a133-ba1f9041fc93,James Brown,pbrown@example.net,507-608-9796,"7911 Jasmine Place Apt. 244, Cynthiaville, VI 74835"
96da8e12-cf25-485c-9bfc-d46dd8013b4f,Kathy Bauer,lewisdaniel@example.com,689-344-1136,"9093 Brock Harbor, Vanessaville, NY 77750"
bccce325-ecd8-427f-b0cc-51fbc337e961,Michele Dunlap,robert37@example.org,(928)869-5288,"Unit 7778 Box 9120, DPO AA 18655"
bbfd0299-8eef-4aac-8671-03390591ae7f,Tammy Lewis,robert67@example.net,501-894-0039x6190,"USNS Haney, FPO AA 53249"
763a5b1a-e937-46c9-9e73-84442cdf4816,Daniel Morris,sarah75@example.org,9778370151,"81875 Sarah Oval, East Taylorville, WA 96379"
82b6a472-5f01-4a08-98c7-005a31433f08,David King,karenball@example.net,209-541-1479x475,"52350 Frank Lodge, Haleville, ID 56109"
1acc32d3-79f4-468e-913e-e0b0c2694f9e,Renee Fuller,steven92@example.com,(842)487-2473,"2278 Rios Tunnel Apt. 046, Cynthiafort, NE 75822"
170c6561-d776-43d6-a566-0aa8a2762f45,Tina Martinez,jacob64@example.com,205.704.3588,"42322 Robert Land, Rodrigueztown, CO 41895"
f22a05f3-9bc7-4f40-ab8f-02ec5f2111c9,Cristian Munoz,jason84@example.org,+1-713-243-5428x408,"403 Evans Cliffs, South Michael, OK 23129"
49449e07-1f2e-4ad1-9795-e3655fb76d7b,Cindy Roberts,adkinsmonica@example.org,001-872-846-7444x609,"555 Stephanie Gardens, Carrilloton, PR 16384"
3f38dd5b-61d8-4c41-853c-d98f2214a6b7,Lauren Jimenez,barneseric@example.com,(339)533-1451,"Unit 0825 Box 6307, DPO AE 02420"
3b4d4521-1829-4dd0-ab14-a4a4f0c9a8d1,William Myers,richmonddaniel@example.org,+1-301-795-6727x7531,"8983 Jerry Port Suite 873, New Steven, NV 73880"
09e89f91-1abc-4476-a7a5-25b37b021d60,Deborah Jones,ccarter@example.org,+1-632-849-8156x7291,"7468 Joseph Skyway Apt. 935, North Matthew, WA 51940"
8ad17872-4ef5-4e39-899d-e7501d21efee,Anthony Miller,slee@example.net,981.329.3659,"Unit 3451 Box 7230, DPO AE 76006"
bb50bc41-bec4-40d5-8045-8dd9c9ad1908,Shelley Obrien,matthewvasquez@example.net,211-627-6355x3473,"60328 Walker Mission Suite 148, Hunterbury, MN 44335"
ed5eaac1-bfef-41a8-89cb-870c01b3805e,Cheryl Hill,gordonwilliams@example.com,+1-910-598-2181x863,"1651 Willis Fords Suite 785, East Jeremiah, IN 30793"
8570ab90-d6ba-49d6-9407-ca56a209dba4,Brad Garrison,jasonhill@example.net,001-890-961-1905x0306,"8477 Lisa Spurs Apt. 834, Chapmanton, NE 88703"
72db9b66-ba4e-4f38-972c-76814499335c,Thomas Bennett,huntjon@example.com,9584368712,"9264 Louis Extensions Suite 372, Carpentermouth, NC 82137"
9cb0536f-fe90-4743-b17a-5641d173569e,Richard Lewis,briggsstephanie@example.org,(412)448-6583x3421,"014 Fowler Point Suite 614, North Anne, TN 82309"
5acd2119-4f87-4d8b-810e-1120f2c37d38,Darrell Weaver,david23@example.org,+1-808-886-7395x6639,"656 Nguyen Street, Perezhaven, NC 89744"
80c52be6-ce55-4f9b-8362-4d1acb130609,Alexander Rodriguez,alynch@example.com,001-805-353-1550x835,"1692 Kim Plain Suite 234, Luismouth, WI 71914"
58de52f4-fc50-4dd6-b258-fa8073b352a6,Kaylee Ward,tmitchell@example.net,680-343-6430x93424,"573 Scott Fort, East Joseph, NH 95776"
97463831-3596-43f5-bfcf-73cbaa6a50e6,Kevin Hicks,bruce94@example.org,806.283.4972x927,"71377 Silva Flat, Simpsonberg, IN 62295"
1638c38a-cd3c-4e9e-9950-510bd9d86b7f,Marco Thomas,barberjohn@example.com,(762)592-9803x889,"34476 Smith Forks, West Feliciamouth, DE 08850"
f8beff84-7c58-41b1-9866-c41822fa0ad2,Jack Meyer,ohenderson@example.org,717.276.1661x976,"0325 Matthew Heights Suite 651, East Amandafort, OH 31748"
af8a1b96-27a1-42c6-9ff8-c64253c21ae9,Denise Lopez,danielle22@example.com,(281)943-0969,"34725 Heather Fort, Kennethshire, UT 09782"
0c433f84-8c03-4219-9a75-89db3c7dcf7d,Heather Flores,levinejesse@example.net,001-558-305-6440x3749,"09017 John Mission, Brianside, WY 67280"
c01b5d7f-de99-4464-b170-e3ef650af5fe,Laura Crawford,kimberlycline@example.com,+1-569-544-3033x83111,"153 Gina Village, Lake Joshua, OK 59796"
5206a1fc-bffe-42aa-8d2c-c3707336d24c,Timothy Campbell,elliottmichelle@example.org,961-272-8815,"08510 Johnson Squares Suite 067, New Benjamin, MH 08144"
09b25320-0548-4190-95f4-6c1c11e2d3ee,Ashley Poole,reedsteven@example.com,865.316.4248,"Unit 0702 Box 8545, DPO AE 39442"
f6d6a767-f57e-4bc1-926f-dc0641719410,Denise Lowe,kimberly06@example.net,(752)271-3411,"8009 Steve Club, East Christopher, PR 01665"
60f08c5d-c8c5-4f16-b87d-5fe714909ce2,Julia Smith,juliacollins@example.com,(569)651-7951x9658,"10961 Kayla Squares Suite 049, Shellybury, WV 19685"
235f84b8-feb0-4c04-bf52-3447b13d3bec,Sarah Nelson,richard74@example.com,001-285-675-1034x194,"USNS Johns, FPO AP 81292"
f458fe1a-2def-4244-a681-fe6746349b88,Faith Davis,srojas@example.org,+1-560-992-2118,"PSC 8433, Box 5877, APO AE 98065"
b9693219-cd0e-4c10-bddc-0bcd615f095d,Brandy Fields,patricia35@example.org,+1-972-824-8916x66468,"20670 Aaron Bridge, Lake Jackie, MH 74276"
311093f8-bc51-47a1-8cdf-ab7df76debac,Mrs. Shelby Thompson PhD,dhernandez@example.net,(622)692-6338x586,"90770 Dana Turnpike, North Timothy, ID 28810"
936d6d67-5eff-41f6-b2a4-b95d1c619057,Sarah Barton,rodriguezashley@example.net,599-331-5116x828,"17904 Berger Streets Suite 664, Lopezmouth, NY 43408"
4a4e74a7-2108-4aee-90c0-257c6c00e533,Jason Stewart,stricklandamanda@example.org,+1-356-941-9316x75485,"96973 Marks Tunnel Suite 868, Lake Benjamin, MH 28994"
b3cba6ed-e60f-4f9a-8353-223f7fbd70b2,Eric Mendoza,pponce@example.net,(990)464-2527x349,"96896 Rogers Cliff Suite 141, North Theresa, VT 96075"
55958ca0-5767-4823-aa5a-f5b7c90ea749,Sierra Martin,ryancarter@example.net,(787)514-7358x813,"789 Michael Island, West Jeffery, OR 57285"
f9b3f0a8-b4f9-4292-b5eb-e2bc193c5906,Robert Burke,diana27@example.net,001-289-515-8130x98691,"962 James Shoal Suite 232, South Luisview, OH 96414"
20df5021-2a44-4ce6-9419-fa4cf8bc587f,Matthew Dyer,roy18@example.net,001-417-998-3177x34435,"41358 Hoffman Haven Apt. 295, Lake Laurenmouth, MO 90208"
f3cf1c49-1f68-4723-a89b-a12984a3329d,Laura Miller,gregory87@example.org,+1-496-626-9250,"4065 Bush River Suite 835, North Derek, AS 83423"
a39ba054-d86e-455b-817d-979f658be4b2,Jenny Curry,sherryholmes@example.net,3539280653,"05196 Howe Common Apt. 388, Lake Amyland, TN 70542"
04a72269-6ee7-4fe8-9f4b-3cf7f26f700a,Danielle Roach,fherman@example.com,596.631.6109x59057,"178 Gregory Plaza Apt. 736, Lake Ashleeberg, CT 30254"
bc92768f-4f96-4f70-b0e4-170c47940775,Angela Nash,muellerjeffrey@example.com,397-992-1999,"5188 Breanna Ford Apt. 667, Herrerafort, IA 99795"
67d397d1-f2a1-490d-87cc-0ab2a4e1f68c,Jessica Pratt,fletcherbrooke@example.com,(787)275-1546,"05187 Williams Row Suite 552, West Debra, WA 08110"
b762809b-001f-467d-8ffb-f7eba019063d,Mallory Cervantes,herreraelizabeth@example.com,(207)517-4414x6469,"6619 Benson Parkway Apt. 606, North Cynthiaberg, UT 79928"
26a2d9ce-0b2a-4c42-86b0-d7e4e875e799,Wayne Castro,michaelhebert@example.org,6215098115,"5951 Peter Isle Suite 759, North Jeffrey, CO 62172"
2203c00f-afdc-4bb8-be6e-56c16c1b9808,Jessica Adkins,fwilliams@example.net,001-814-309-2847x80324,"9618 Scott Coves Suite 514, Gainesmouth, CT 44648"
7db4b4e8-71ab-4d08-a565-a1bd9e38b123,Robert Bailey,christopherwilliams@example.org,+1-397-492-1906x790,"84429 Marvin Corner, Taylorton, WY 58327"
678b8777-ca70-431a-a260-99e170499586,Kevin Hicks,youngkristine@example.net,001-758-827-6346,"14768 Kristina Rapids, Christineport, NE 15426"
0e6f132b-a944-4ccf-9077-62414abf0d43,Sabrina Rowland,harrymckenzie@example.net,(477)350-9007,"687 Lydia Fall, Jerrytown, NE 40735"
c52dbd52-75fa-40ea-aec9-4bed6341315c,Ricky Bell,qday@example.com,+1-420-311-1140x5140,"61019 Matthew Knolls, Elizabethmouth, ID 55323"
a2ad22a2-3326-498c-a9c0-9ced5aad172f,Elizabeth Fox,vaughndavid@example.com,(924)304-6460,"5834 Nelson Stravenue, Muellerport, SC 87662"
f16c44a6-e617-462d-92a5-68ff1dcbdf62,Jose Williams,diana78@example.org,791.530.6434,"78601 Casey Groves Suite 309, Port Gabrielle, CO 15972"
242f0a81-43b4-4689-878c-d12eb6b6c015,Jennifer Hudson,darrellfrancis@example.org,+1-384-553-3220x9783,"496 Cox Mountain Suite 550, Mariaville, AR 66654"
a39f559e-7a68-44aa-9a8d-b5c979341c08,Catherine Jones,usweeney@example.com,902.719.7205x122,"42675 Davis Crossing Apt. 521, Port Christina, NY 06184"
076d59d0-e932-4346-9750-6dee3153369d,Gloria Miller,bhall@example.org,001-672-447-6835x419,"675 Monica Track Apt. 301, South Renee, AS 36182"
2f9d8a08-f637-4944-b28c-ad26f846ea59,Michael Fletcher,joelberry@example.org,245.439.9605x22122,"43708 Michael Rest Apt. 579, New Andrea, HI 91919"
76d50a95-3755-4949-b382-e1f24a1365e8,Caitlin Decker,guerrakelli@example.net,001-628-602-9140x2917,"0945 Reynolds Haven Suite 571, Kennethton, MS 51807"
0956151c-3c89-41da-9ef0-878296708064,Edward Andrews,choffman@example.org,001-472-466-8382,"885 Rowland Curve Apt. 877, Nelsonton, MI 53807"
6fe02717-baec-466b-a10b-e448e4f9fbe5,Elizabeth Young,melissaherrera@example.net,6333932188,"5169 Odom Loop Suite 279, Millermouth, NC 03823"
57712cfc-49f1-4171-831f-05d3d7397885,Brandy Norris,guerrerojaclyn@example.com,913.274.4172,"36471 William Mount Suite 360, North Lauraburgh, PW 16272"
75de28c5-2cf8-44c5-86be-18d5938465d1,Keith Martinez,vboone@example.net,521-688-0740,"343 Gross Parkways, Lake Eric, FL 63550"
2625a7d9-abbd-4206-9ec4-b1dadabc94aa,Joshua Green,nicole90@example.net,+1-839-610-5755x689,"71373 William Parks, Sullivanland, NJ 08458"
32b5e257-19cb-4be4-a30d-e3d383e52272,James Stephens,guerratracey@example.net,001-611-494-3269,"6258 Hicks Shoal Apt. 143, East Abigail, IN 09059"
07c0f6a0-a265-4d5d-9d8e-506e8b9f628a,Ms. Veronica Fox,kingcarl@example.net,+1-754-571-0027x5667,"30334 Cummings Fork Apt. 385, East Jason, CT 72683"
613e9275-1a47-42af-8f1f-97ba9f787376,Andrea Harris,castillomatthew@example.net,(297)863-5413x060,"64595 Cunningham Plains Suite 349, Port Robert, NV 50317"
38944fcf-7c05-4b98-b213-e79732498996,Craig Smith,sara78@example.org,207-918-1266,"2643 Stephanie Square Suite 300, North Stephen, TN 27009"
4e8c58d5-becb-40b2-a468-af6a49e5d5a2,Frank Butler,ucruz@example.com,806-668-8224x6487,"8261 Zachary Shores, Port Amandastad, CA 46295"
bd47587a-f71c-4073-bce6-c0bc73c10157,Jose Oneill,ncopeland@example.org,(903)594-7653x216,"5129 James Fall Apt. 195, Lake Olivia, MI 04470"
bc5007fe-13fd-450e-8d91-6ce817483eef,Andrew Barker,kparker@example.net,(858)444-0469,"3848 Timothy Forest Apt. 538, South Julie, MA 36059"
3eabfd75-dba9-4db7-a421-a290b1d986f2,Betty Brown,kevin25@example.net,001-336-335-2062x140,"0240 James Rest Suite 128, Jameston, CT 88296"
7a2774a5-1d45-4dbe-b50c-bf53654c68d6,Rachel Washington,rachel40@example.org,(241)968-5029x21259,"7444 Mccoy Prairie, West Alyssamouth, MN 34467"
48d0cdd5-9dde-418c-898c-3420c52fb415,Darlene Roman,yreeves@example.com,7039819929,"661 Walker Lodge, Lake Ryan, SC 62688"
159f892c-9121-47bb-bb47-1bef6bd9bcc3,Regina Fuller,kristina82@example.net,(523)378-1295,"817 Trujillo Springs Apt. 275, South Erica, MP 19496"
d04d996e-2ded-4792-b139-722fe85b863e,Sheila Carter,suzanne15@example.org,(279)473-1172x3655,"86039 David Plain, North Sarahberg, WA 27552"
f2b4d23c-db76-40f6-acea-53273b91b52e,Connie Levine,kevin65@example.net,904-539-5316x37629,"640 Leslie Trafficway, Pierceville, HI 50690"
83415c35-6b35-4844-bbb7-acec1d5a6a19,Paul Cole,tthompson@example.org,+1-716-423-5471,"921 Johnson Ville, Port Melissa, FL 57016"
891524ed-f789-4f62-97cb-d31f439e3d64,Emily Cannon,turnernicole@example.net,366-403-7107x210,"01390 Brett Route, Edwardhaven, UT 29385"
43b2c4e7-7e48-4e52-b0c7-494f7e9493a9,Kari Adams,dustin64@example.net,210-271-2524,"90254 Long Forges, Ortegafort, AR 63188"
a9207735-78d3-4aa9-9ac4-49e3e2187a2f,Lori Brown,wadelauren@example.com,581.974.4872x2740,"8967 Estrada Trail, South Vincentmouth, ND 84111"
415eb4e1-42ef-46ed-bf5b-85ed1a8b90e9,Steve Flores,frankhernandez@example.net,(432)287-4135,"6106 Jesus Shoals, Lake Antonio, MD 04398"
1830de10-52af-4f0b-98ef-10b65ca162d5,Tyler Lee,randy94@example.net,(302)696-6595x2282,"18281 Jeffrey Shores Apt. 818, Lopezfurt, LA 19006"
5268a1ed-0099-4998-ab10-77c00846c81e,Juan Lester,barkerbrian@example.org,542-394-3298x0333,"385 Swanson Gateway Apt. 655, Jonestown, GA 40395"
b31eb87d-1c09-4b92-972e-c58daea847ac,Shane Booker,aprilmyers@example.net,+1-491-391-6511x1108,"75988 Daisy Dale, West Frankhaven, IL 65064"
b6b65ef9-2608-4f87-9acb-67380bc612ae,Jill Ortiz,omorrison@example.org,565-596-8306,"79800 Miller Centers Apt. 243, New Davidfort, LA 48155"
91970033-9ea8-4944-a57f-dc997602d5cb,Zachary Macdonald,stanleydawn@example.com,001-767-880-7070,"4553 Miller Mission, Lake Melissabury, NE 60197"
10f8e4bc-cade-4ba8-98fc-a7de5e726650,Leah Smith,johnsonmichelle@example.org,844-268-2455x5870,"5431 Mcmillan Manors Suite 355, South Margarettown, NV 19578"
478290ce-83b0-4296-8bc4-aacb98b99a90,Justin Freeman,daniellewis@example.net,001-892-881-1533x80133,"7437 Ward Park, Wongbury, ID 30446"
24f1ac96-fb88-43ed-a3fd-4aac911f6d5d,Joseph Rojas,michael24@example.com,861-801-9618,"60244 Welch Trafficway, Johnhaven, NE 32886"
3d53c993-1077-4866-af26-330926b237a3,Emily Jacobs,iperry@example.org,983.996.3964x221,"7772 Hanson Stream Suite 007, Gardnerfurt, OK 62776"
ef6ee036-b15a-4db0-930b-2aeea5def099,Nancy Brown,moodyrebecca@example.com,(695)425-5901,"211 John Villages, Port Autumnhaven, DE 67385"
b86047d9-bd0d-4932-aa8e-0e96ac5a3bd1,Tammy Shaffer DDS,courtneyhernandez@example.com,(412)456-6494x70934,"599 Hernandez Hills Apt. 794, Hornemouth, MT 40986"
ad1d0dd4-4fc0-4b1e-93a8-af87c1be93af,Alexis Smith,fwilliams@example.org,6265813283,"10727 Snyder Islands Apt. 808, Tammytown, AR 52037"
47ab645f-b8b0-46f2-8b3d-fe81aed83714,Sherri Kramer,scottstrickland@example.org,643.211.7258x843,"13679 Bryan Tunnel, North Tracyville, IL 03020"
7dcbe9e1-eaaf-4fc8-85e9-f32809af45a7,David Kelly,suzannehicks@example.org,(658)786-6573x2061,"60242 Frank Ports Apt. 789, Lake Olivia, IN 85056"
7cb8f38f-4b9a-4730-8e02-7b8ffc6449c8,Angelica Jackson,medinajohn@example.net,001-975-947-0070x76699,"4794 Sanchez Island, North Carol, AL 75443"
6pa3jotj9,Roy,roy@gmail.com,8888844455,
3ahyt8t01,rishabh,rishabh@gmail.com,0000222255,233 Los Angeles
k74p3hdht,John Doe,johndoe@example.com,123-456-7890,123 Main St, Anytown, USA
